20010713,1760.00,1796.00,1735.00,1765.50,15851
20010716,1771.00,1773.00,1694.00,1709.50,17469
20010717,1708.50,1753.00,1680.00,1748.00,20443
20010718,1730.00,1743.00,1663.00,1684.00,21456
20010719,1675.50,1752.00,1655.00,1724.50,23222
20010720,1698.00,1702.00,1671.00,1683.50,13680
20010723,1685.00,1719.00,1638.00,1642.50,14581
20010724,1643.50,1652.50,1588.00,1625.50,20026
20010725,1625.50,1644.00,1590.00,1636.00,17754
20010726,1636.50,1691.00,1614.00,1659.50,15630
20010727,1666.00,1707.00,1661.00,1693.00,15574
20010730,1696.00,1712.00,1672.00,1682.00,12277
20010731,1684.50,1727.00,1675.00,1693.00,15585
20010801,1691.00,1755.00,1683.00,1738.50,14823
20010802,1740.00,1775.00,1727.00,1774.00,13933
20010803,1773.00,1779.00,1717.00,1741.50,13557
20010806,1744.00,1745.00,1708.00,1714.50,9617
20010807,1714.50,1727.00,1687.50,1705.50,10837
20010808,1710.00,1720.00,1625.00,1633.00,24839
20010809,1634.00,1648.00,1611.00,1639.50,18442
20010810,1639.00,1652.50,1581.00,1624.00,18458
20010813,1629.00,1666.00,1614.00,1656.00,15475
20010814,1660.00,1680.00,1633.00,1634.50,14790
20010815,1637.00,1649.00,1574.00,1576.50,15600
20010816,1579.00,1595.00,1532.00,1593.50,19014
20010817,1592.50,1593.00,1519.00,1521.00,13880
20010820,1519.50,1545.00,1512.00,1542.50,11733
20010821,1544.00,1556.00,1475.00,1476.00,15519
20010822,1475.00,1523.00,1470.00,1518.00,20294
20010823,1520.00,1548.00,1500.00,1502.00,18492
20010824,1515.50,1586.00,1515.50,1582.00,19773
20010827,1585.00,1607.00,1562.00,1584.00,11125
20010828,1583.00,1587.00,1529.00,1534.00,16732
20010829,1534.50,1546.00,1493.00,1509.50,16425
20010830,1507.00,1510.00,1441.00,1455.50,22695
20010831,1456.50,1489.00,1437.00,1472.50,13792
20010904,1477.00,1538.00,1421.00,1426.50,28164
20010905,1425.00,1443.00,1373.00,1419.00,30368
20010906,1419.50,1432.00,1357.00,1362.50,27052
20010907,1375.00,1393.00,1337.00,1353.50,22936
20010910,1354.00,1380.00,1326.50,1370.50,5508
20010911,1382.00,1382.00,1382.00,1382.00,289
20010917,1292.00,1318.00,1256.00,1260.00,39554
20010918,1273.00,1294.00,1229.00,1233.00,72092
20010919,1235.00,1268.00,1143.00,1208.00,55407
20010920,1211.50,1219.00,1163.00,1168.50,38763
20010921,1171.00,1179.00,1097.00,1137.00,27913
20010924,1147.50,1212.00,1142.00,1194.00,23115
20010925,1194.00,1228.00,1168.00,1201.00,19613
20010926,1202.00,1223.50,1147.00,1159.00,15844
20010927,1157.00,1165.00,1107.00,1148.00,17122
20010928,1150.00,1184.00,1148.00,1175.00,16718
20011001,1172.50,1173.50,1136.00,1159.50,14913
20011002,1157.00,1187.00,1140.00,1163.50,18681
20011003,1163.50,1276.00,1136.00,1250.00,32931
20011004,1250.00,1320.00,1245.00,1264.50,27350
20011005,1264.00,1287.00,1221.00,1280.50,22029
20011008,1269.00,1305.00,1247.00,1286.00,17505
20011009,1288.00,1297.50,1245.00,1254.50,18606
20011010,1254.50,1314.00,1240.00,1313.00,22633
20011011,1315.00,1402.00,1310.50,1397.00,30513
20011012,1420.00,1424.00,1337.00,1389.50,30410
20011015,1377.50,1393.00,1357.00,1389.00,14712
20011016,1386.50,1418.00,1373.00,1411.50,17719
20011017,1406.00,1464.50,1307.00,1308.50,30068
20011018,1311.50,1350.00,1305.00,1343.50,21182
20011019,1346.50,1360.00,1307.00,1353.50,14611
20011022,1350.50,1392.00,1339.00,1389.50,16417
20011023,1391.00,1427.00,1375.00,1395.00,18068
20011024,1390.00,1437.00,1383.00,1423.50,19890
20011025,1424.00,1484.00,1378.00,1480.50,27810
20011026,1473.00,1493.00,1450.00,1451.50,18614
20011029,1457.00,1457.00,1370.00,1371.00,26407
20011030,1373.00,1373.50,1323.00,1345.00,23807
20011031,1342.00,1407.00,1337.00,1369.00,22518
20011101,1362.50,1432.00,1360.00,1421.50,25306
20011102,1422.00,1443.00,1404.00,1432.50,19750
20011105,1430.00,1496.00,1430.00,1479.00,17889
20011106,1495.00,1538.00,1465.00,1537.00,23028
20011107,1536.00,1564.00,1509.50,1535.50,23393
20011108,1535.00,1586.00,1500.00,1519.00,25680
20011109,1517.00,1532.00,1493.00,1517.50,15966
20011112,1520.00,1543.00,1462.00,1529.50,19457
20011113,1531.00,1590.00,1525.50,1583.00,21950
20011114,1583.50,1628.00,1560.00,1595.50,25717
20011115,1589.00,1614.00,1563.00,1588.00,20206
20011116,1587.00,1598.50,1565.00,1585.00,14308
20011119,1586.50,1629.00,1586.50,1628.00,13731
20011120,1629.00,1633.00,1548.00,1554.50,21263
20011121,1553.00,1574.50,1527.00,1553.00,16678
20011123,1553.50,1586.00,1544.50,1579.50,6776
20011126,1580.00,1623.00,1569.50,1618.00,17578
20011127,1616.50,1648.00,1576.00,1616.00,25387
20011128,1613.00,1623.00,1555.00,1559.00,25916
20011129,1560.00,1608.00,1548.00,1605.00,22996
20011130,1604.50,1610.00,1582.00,1598.00,13747
20011203,1597.00,1597.00,1563.00,1567.00,14163
20011204,1566.00,1642.00,1562.00,1641.00,20193
20011205,1641.00,1733.50,1637.00,1721.00,29914
20011206,1717.00,1738.00,1703.00,1724.00,20489
20011207,1732.00,1735.00,1653.00,1677.00,22167
20011210,1678.00,1697.00,1643.00,1647.50,19914
20011211,1647.00,1697.00,1643.50,1655.50,21753
20011212,1662.00,1685.00,1630.00,1668.00,47238
20011213,1666.50,1673.00,1597.00,1598.00,56062
20011214,1604.50,1632.00,1595.00,1619.00,31579
20011217,1619.00,1664.00,1607.50,1645.00,30620
20011218,1648.50,1674.00,1645.00,1665.00,23835
20011219,1660.00,1668.00,1627.00,1633.00,26988
20011220,1633.00,1638.50,1559.00,1564.00,26068
20011221,1567.50,1602.00,1559.00,1593.50,10753
20011224,1590.00,1598.00,1577.00,1585.00,3298
20011226,1576.00,1626.00,1576.00,1601.00,7588
20011227,1601.00,1622.00,1597.00,1613.50,6276
20011228,1616.00,1645.00,1615.00,1624.00,7794
20011231,1625.00,1631.00,1568.00,1583.50,6438
20020102,1577.50,1619.00,1569.00,1617.50,12519
20020103,1620.00,1675.00,1613.00,1672.50,15435
20020104,1672.00,1705.00,1649.00,1679.00,14582
20020107,1674.00,1702.50,1652.00,1661.50,19662
20020108,1661.00,1684.00,1645.00,1672.50,16445
20020109,1667.00,1717.00,1648.00,1655.00,20406
20020110,1658.50,1674.00,1639.00,1666.00,15921
20020111,1664.50,1679.00,1631.00,1646.50,16167
20020114,1642.50,1648.50,1598.00,1609.00,18790
20020115,1610.00,1639.00,1594.00,1625.00,15515
20020116,1600.00,1604.50,1561.00,1563.00,21186
20020117,1571.50,1610.00,1571.00,1593.00,17949
20020118,1577.50,1590.00,1539.00,1554.50,21426
20020122,1555.00,1574.50,1503.00,1506.50,23021
20020123,1508.00,1558.00,1503.00,1546.00,20739
20020124,1553.00,1592.00,1540.00,1567.00,21724
20020125,1557.00,1577.00,1544.00,1562.50,12627
20020128,1560.00,1585.00,1546.00,1572.50,12916
20020129,1575.00,1586.00,1510.00,1530.00,24035
20020130,1527.50,1543.00,1484.00,1541.50,22473
20020131,1543.00,1560.00,1530.00,1553.50,16538
20020201,1550.00,1566.00,1517.00,1535.00,17500
20020204,1529.00,1535.00,1473.00,1487.00,16594
20020205,1486.50,1502.00,1457.00,1462.00,20126
20020206,1462.00,1488.00,1437.00,1451.50,23059
20020207,1462.00,1465.00,1413.00,1415.00,20979
20020208,1416.00,1460.00,1407.00,1454.00,19896
20020211,1457.50,1481.00,1447.00,1473.00,14738
20020212,1473.00,1488.00,1450.00,1461.00,13320
20020213,1461.50,1495.00,1458.50,1486.00,14690
20020214,1485.50,1512.00,1472.00,1485.50,19498
20020215,1478.00,1485.00,1434.00,1440.00,19948
20020219,1440.00,1447.00,1381.00,1394.50,17217
20020220,1391.00,1415.00,1365.00,1413.00,24171
20020221,1415.00,1425.00,1346.00,1347.00,21950
20020222,1350.00,1375.00,1331.00,1358.50,20731
20020225,1360.00,1417.00,1355.00,1407.00,20464
20020226,1407.50,1425.00,1382.00,1403.00,21002
20020227,1402.00,1428.00,1369.00,1383.50,22906
20020228,1384.00,1407.00,1356.00,1360.50,18772
20020301,1360.00,1438.00,1359.00,1436.50,20072
20020304,1431.00,1497.00,1423.00,1493.50,27783
20020305,1492.50,1521.50,1480.00,1505.00,25267
20020306,1502.00,1525.00,1472.00,1512.50,28280
20020307,1514.00,1540.00,1488.00,1511.50,43389
20020308,1515.00,1575.00,1514.50,1564.00,35814
20020311,1562.00,1584.00,1537.00,1556.00,30444
20020312,1559.00,1560.00,1508.00,1534.00,36419
20020313,1534.00,1539.00,1489.00,1497.50,28363
20020314,1497.50,1510.00,1483.00,1490.50,23690
20020315,1489.00,1508.00,1478.00,1504.00,14814
20020318,1505.00,1532.00,1496.00,1511.00,14156
20020319,1509.00,1529.00,1503.00,1510.50,10605
20020320,1512.00,1515.00,1454.00,1455.00,15198
20020321,1456.50,1500.00,1449.00,1494.00,17268
20020322,1495.00,1499.00,1472.00,1482.00,13993
20020325,1476.50,1491.00,1434.00,1436.00,13507
20020326,1437.50,1470.00,1424.00,1447.50,16079
20020327,1449.00,1454.00,1430.00,1438.00,11517
20020328,1436.50,1468.00,1434.50,1459.50,9078
20020401,1451.50,1490.00,1428.00,1483.50,13974
20020402,1482.00,1485.00,1413.00,1414.50,16028
20020403,1414.50,1430.00,1383.00,1413.50,17219
20020404,1413.00,1418.00,1383.00,1403.50,15604
20020405,1405.00,1420.00,1380.00,1389.00,12628
20020408,1387.00,1405.00,1336.50,1403.00,17774
20020409,1408.00,1412.00,1351.00,1356.00,17999
20020410,1355.50,1381.00,1336.00,1365.50,21073
20020411,1367.00,1370.50,1326.00,1331.50,17790
20020412,1333.00,1363.00,1330.00,1353.00,17107
20020415,1356.50,1370.00,1340.00,1362.00,16350
20020416,1363.00,1421.00,1362.50,1418.00,19661
20020417,1435.00,1440.50,1397.00,1412.00,19053
20020418,1410.00,1423.00,1373.00,1387.50,19395
20020419,1372.50,1415.00,1369.00,1389.00,14471
20020422,1389.00,1391.50,1340.00,1353.50,13919
20020423,1353.50,1366.00,1319.00,1330.00,16370
20020424,1330.00,1349.00,1304.00,1308.50,17515
20020425,1316.00,1319.00,1291.00,1307.00,18296
20020426,1308.00,1322.00,1251.00,1252.00,21008
20020429,1255.50,1272.00,1231.00,1251.00,15657
20020430,1253.50,1298.00,1241.50,1280.00,19403
20020501,1281.00,1286.00,1234.00,1271.50,20618
20020502,1273.00,1289.00,1227.00,1229.00,21899
20020503,1230.50,1240.00,1187.00,1197.50,21804
20020506,1201.00,1208.00,1163.00,1165.50,15830
20020507,1167.50,1184.00,1144.00,1156.00,20045
20020508,1174.00,1284.00,1172.00,1281.00,35364
20020509,1278.00,1285.50,1241.00,1246.00,24347
20020510,1247.00,1258.00,1187.00,1189.00,22731
20020513,1193.50,1248.00,1187.00,1240.00,20582
20020514,1240.00,1315.00,1238.00,1312.50,22303
20020515,1314.00,1354.00,1283.00,1320.50,28576
20020516,1316.00,1330.00,1297.00,1323.50,19742
20020517,1324.00,1350.50,1307.00,1326.00,16639
20020520,1322.00,1329.00,1286.00,1298.50,16075
20020521,1298.00,1313.00,1252.00,1260.50,19967
20020522,1261.00,1271.00,1234.00,1264.50,18884
20020523,1263.50,1292.00,1240.00,1289.50,22609
20020524,1286.50,1299.50,1248.00,1257.50,13445
20020528,1257.50,1270.00,1227.00,1252.50,15215
20020529,1253.00,1253.50,1216.00,1218.50,13235
20020530,1219.50,1236.00,1202.00,1230.00,17500
20020531,1231.00,1249.00,1207.00,1209.50,16169
20020603,1210.50,1219.50,1158.00,1165.00,20657
20020604,1162.50,1194.00,1148.00,1181.00,20474
20020605,1181.00,1199.00,1165.00,1194.00,22222
20020606,1195.00,1196.50,1151.00,1163.50,18249
20020607,1118.50,1157.00,1107.00,1137.50,26417
20020610,1140.00,1157.00,1132.00,1137.00,15278
20020611,1136.00,1157.00,1100.00,1104.00,19047
20020612,1104.00,1124.00,1079.00,1121.00,32686
20020613,1122.50,1135.00,1102.00,1113.50,50459
20020614,1116.00,1120.00,1058.00,1116.50,40012
20020617,1118.00,1160.00,1114.00,1154.00,37627
20020618,1152.50,1176.00,1137.00,1175.00,37953
20020619,1157.50,1158.00,1100.00,1103.00,33447
20020620,1102.00,1108.00,1061.00,1069.50,30725
20020621,1070.00,1083.00,1035.00,1041.50,18182
20020624,1040.00,1082.00,1018.00,1063.50,23643
20020625,1064.00,1078.00,1022.00,1027.00,18595
20020626,1029.50,1040.00,974.00,1029.50,25005
20020627,1030.50,1060.00,1011.00,1059.50,18616
20020628,1057.00,1080.00,1045.00,1054.00,18321
20020701,1054.00,1064.00,1000.00,1002.00,16403
20020702,1003.00,1008.50,965.00,967.00,20434
20020703,969.00,1000.00,953.00,998.00,21790
20020705,997.00,1065.00,984.00,1064.00,19747
20020708,1063.50,1073.50,1012.00,1025.00,19746
20020709,1024.50,1032.50,992.00,994.50,20122
20020710,996.50,1015.50,962.00,963.00,20949
20020711,965.50,1005.00,949.00,998.50,26725
20020712,999.00,1030.00,990.00,1001.00,23463
20020715,1001.00,1034.00,958.00,1030.00,19657
20020716,1031.50,1050.00,1005.00,1016.00,24905
20020717,1006.50,1066.00,1001.50,1033.50,23807
20020718,1036.50,1047.00,995.00,998.00,22554
20020719,991.00,997.00,959.00,967.00,20249
20020722,960.00,985.00,931.00,943.50,20268
20020723,943.50,958.00,899.00,902.00,21701
20020724,900.00,953.00,873.00,952.00,26215
20020725,952.50,952.50,880.00,897.00,21635
20020726,896.50,920.00,887.00,912.50,15040
20020729,914.00,973.00,910.00,961.50,17934
20020730,962.00,996.00,952.00,980.50,16447
20020731,975.00,988.00,942.00,964.50,14840
20020801,960.50,965.00,913.00,917.00,19387
20020802,916.00,920.00,879.00,896.00,14150
20020805,895.00,899.00,858.00,865.00,11950
20020806,862.00,928.00,857.00,906.00,22046
20020807,910.50,942.00,884.00,919.00,18001
20020808,920.00,951.00,901.00,949.00,17072
20020809,950.00,955.00,922.00,939.00,13454
20020812,938.00,946.00,923.00,943.50,7621
20020813,944.00,962.00,909.00,911.00,19409
20020814,910.00,972.00,902.50,967.00,21305
20020815,968.00,990.00,956.00,989.00,18431
20020816,989.00,1007.00,959.00,995.50,14987
20020819,995.50,1030.00,988.00,1020.50,11373
20020820,1019.50,1024.00,1003.00,1013.50,9944
20020821,1014.00,1041.00,1007.00,1038.00,13280
20020822,1039.00,1055.00,1024.00,1052.00,16174
20020823,1054.00,1054.00,1006.00,1014.00,13869
20020826,1011.50,1028.50,991.00,1016.50,12041
20020827,1017.00,1028.00,972.00,981.00,18061
20020828,981.00,981.00,941.50,946.00,17740
20020829,946.00,975.00,927.00,957.50,14801
20020830,954.00,967.00,941.00,943.50,9236
20020903,944.00,945.00,899.00,905.00,14558
20020904,905.00,927.00,895.00,915.00,28757
20020905,916.00,916.50,882.00,893.00,24814
20020906,896.00,935.00,892.00,920.50,22033
20020909,920.00,940.00,901.00,928.00,16301
20020910,928.00,953.00,927.00,951.50,28732
20020911,951.50,978.00,942.00,943.00,20266
20020912,943.00,947.00,916.00,918.50,39362
20020913,921.00,933.00,908.00,929.50,33505
20020916,928.50,930.00,903.00,915.50,28685
20020917,915.00,951.50,896.00,897.50,37237
20020918,886.50,911.00,879.00,885.00,31819
20020919,885.00,894.00,870.00,872.50,28404
20020920,876.00,889.50,867.00,875.50,12129
20020923,878.00,878.00,841.00,849.50,16057
20020924,853.00,866.00,833.50,849.00,16106
20020925,850.00,890.00,836.50,882.50,17392
20020926,884.00,901.00,863.00,872.00,18067
20020927,870.00,896.00,861.00,861.50,13510
20020930,857.00,858.00,827.00,835.50,16408
20021001,837.00,888.00,826.00,886.50,17922
20021002,886.50,889.00,846.00,858.00,16382
20021003,852.50,864.00,835.00,836.50,12699
20021004,835.00,851.50,812.00,821.00,16452
20021007,821.00,831.00,801.00,813.00,10769
20021008,813.00,831.00,797.00,814.50,12984
20021009,814.50,829.00,800.00,809.50,13581
20021010,810.00,856.00,803.00,849.00,20012
20021011,854.00,903.00,846.00,895.50,22233
20021014,895.00,908.00,879.00,907.50,11788
20021015,905.50,954.00,904.50,951.00,18579
20021016,921.00,948.00,909.00,919.50,16725
20021017,920.00,960.00,920.00,944.50,18124
20021018,961.50,968.50,923.50,960.50,14517
20021021,956.50,986.00,939.00,980.00,13877
20021022,973.00,982.00,955.00,973.00,17522
20021023,970.50,993.00,954.00,992.50,20249
20021024,992.00,1002.00,964.00,967.50,16427
20021025,968.00,998.00,968.00,992.50,12742
20021028,996.00,1014.00,975.00,987.00,16060
20021029,987.00,989.00,942.00,963.50,17470
20021030,962.50,999.00,957.50,991.00,17281
20021031,991.00,1009.00,981.50,991.50,13357
20021101,989.00,1024.00,975.00,1020.50,16516
20021104,1038.00,1073.00,1034.50,1043.00,21930
20021105,1043.50,1054.50,1030.00,1051.50,15259
20021106,1054.00,1073.00,1033.00,1069.00,16682
20021107,1071.50,1074.50,1020.00,1029.50,15614
20021108,1035.00,1042.00,1005.00,1009.00,16945
20021111,1007.00,1015.50,974.00,980.50,13004
20021112,977.00,1023.00,975.00,1004.50,15941
20021113,1005.50,1025.00,986.00,1016.50,15692
20021114,1019.00,1062.00,1002.00,1051.50,13785
20021115,1050.50,1066.00,1036.00,1065.50,11943
20021118,1065.50,1079.50,1047.00,1050.00,13985
20021119,1048.00,1051.50,1019.00,1032.50,23976
20021120,1032.00,1077.00,1027.00,1076.00,18146
20021121,1078.00,1122.00,1077.00,1117.50,22186
20021122,1117.00,1125.00,1100.00,1116.50,14095
20021125,1116.50,1136.00,1108.00,1126.00,12437
20021126,1125.00,1127.00,1083.00,1088.50,17082
20021127,1093.00,1135.00,1089.00,1124.00,12924
20021129,1124.00,1135.00,1095.00,1117.00,7783
20021202,1114.50,1157.00,1110.00,1127.50,15235
20021203,1127.00,1136.50,1084.00,1094.50,20308
20021204,1093.00,1093.00,1055.00,1071.00,21726
20021205,1072.00,1088.00,1051.00,1056.00,17580
20021206,1062.00,1075.00,1023.00,1067.00,18663
20021209,1067.00,1072.00,1014.00,1015.00,17686
20021210,1015.50,1045.00,1015.00,1031.00,15222
20021211,1030.50,1048.50,1019.00,1035.50,25394
20021212,1037.50,1052.00,1027.00,1041.00,45093
20021213,1043.00,1045.00,1009.00,1010.50,35110
20021216,1009.50,1047.00,1006.00,1043.50,37198
20021217,1045.00,1057.00,1035.00,1046.00,44117
20021218,1046.50,1047.00,1010.00,1024.00,34177
20021219,1024.50,1040.00,1002.00,1012.50,27000
20021220,1013.00,1026.50,1011.00,1023.50,11449
20021223,1023.00,1039.00,1014.00,1033.50,8052
20021224,1033.00,1038.00,1023.00,1024.00,2654
20021226,1026.50,1046.00,1015.00,1020.00,6500
20021227,1020.00,1023.00,998.00,1001.50,8966
20021230,1000.00,1006.00,982.00,993.00,9300
20021231,992.00,997.00,979.00,987.00,6379
20030102,993.50,1030.50,985.00,1025.00,12944
20030103,1027.00,1037.00,1020.00,1036.00,11084
20030106,1037.50,1072.00,1031.00,1061.00,16663
20030107,1065.50,1086.00,1056.50,1075.00,19240
20030108,1071.50,1074.50,1042.00,1045.00,14945
20030109,1046.50,1088.00,1045.00,1077.00,18930
20030110,1077.00,1099.00,1057.00,1091.50,18656
20030113,1091.50,1108.50,1078.00,1086.50,14037
20030114,1086.00,1101.00,1082.00,1092.00,17974
20030115,1086.00,1103.00,1071.00,1077.00,18157
20030116,1070.00,1087.00,1059.00,1064.50,13679
20030117,1066.50,1077.50,1018.00,1020.00,19215
20030121,1020.00,1030.00,1008.00,1009.00,20227
20030122,1009.50,1029.00,999.50,1004.50,17131
20030123,1012.00,1041.00,1011.00,1026.50,20895
20030124,1027.50,1031.50,992.00,1000.00,20402
20030127,1002.00,1008.00,980.00,988.50,15547
20030128,990.50,1008.00,984.00,998.50,11854
20030129,999.00,1025.00,980.00,1013.50,23094
20030130,1014.00,1026.50,986.00,987.00,15288
20030131,985.00,998.00,967.00,984.50,20345
20030203,984.00,998.00,979.50,986.00,11643
20030204,987.50,990.50,959.00,975.00,15687
20030205,972.00,1001.00,965.00,969.50,18642
20030206,969.50,980.00,961.00,975.00,17310
20030207,974.00,987.00,951.00,959.50,16027
20030210,958.00,976.00,951.00,969.00,19517
20030211,970.50,991.00,962.00,972.00,17226
20030212,971.50,979.00,957.00,958.50,12928
20030213,957.00,966.00,938.00,961.50,15698
20030214,961.50,986.00,952.00,985.00,16296
20030218,986.50,1020.00,982.00,1018.50,19041
20030219,1016.50,1022.00,994.00,1009.50,16943
20030220,1009.00,1020.00,999.00,1004.50,10857
20030221,1002.50,1020.50,987.00,1014.50,16017
20030224,1016.50,1021.00,993.00,994.00,13368
20030225,993.00,1003.00,969.00,998.00,18691
20030226,997.00,1003.00,973.50,974.00,16155
20030227,973.50,1002.50,971.50,996.50,14968
20030228,996.00,1015.00,991.50,1010.50,14441
20030303,1015.00,1024.00,988.00,992.50,16234
20030304,991.00,996.00,982.00,985.50,13376
20030305,984.00,997.00,978.00,988.00,15680
20030306,989.00,992.50,976.00,984.50,13726
20030307,979.00,993.00,964.00,986.50,17756
20030310,985.00,987.00,962.00,966.50,14820
20030311,966.50,975.00,957.00,958.00,24201
20030312,959.00,975.00,945.00,973.50,34158
20030313,973.00,1032.00,972.00,1030.50,53616
20030314,1034.00,1047.00,1023.00,1037.00,37430
20030317,1035.00,1080.00,1019.00,1074.00,41522
20030318,1073.00,1089.00,1064.00,1087.50,48652
20030319,1085.50,1098.00,1062.00,1076.00,33229
20030320,1076.00,1094.00,1056.00,1081.50,31050
20030321,1082.00,1104.00,1078.50,1094.50,21390
20030324,1085.00,1086.50,1047.00,1050.00,17160
20030325,1050.00,1079.00,1044.00,1065.50,12229
20030326,1066.00,1079.00,1063.00,1070.00,9549
20030327,1070.00,1074.00,1052.00,1061.50,11786
20030328,1063.00,1066.00,1046.00,1051.50,10940
20030331,1047.00,1048.50,1016.00,1021.00,17160
20030401,1019.00,1035.00,1016.50,1023.00,10881
20030402,1023.50,1071.00,1023.50,1062.00,16578
20030403,1063.50,1082.00,1060.50,1067.00,12572
20030404,1065.50,1078.00,1047.00,1050.00,14436
20030407,1062.00,1095.00,1050.50,1051.00,19013
20030408,1051.00,1068.00,1043.00,1050.50,13942
20030409,1050.50,1062.00,1025.00,1026.00,15422
20030410,1027.50,1039.00,1019.50,1038.00,11670
20030411,1039.00,1054.00,1022.00,1028.50,12985
20030414,1028.50,1054.00,1026.00,1048.50,11924
20030415,1049.00,1063.00,1042.00,1059.50,13894
20030416,1069.50,1084.00,1053.00,1056.50,23030
20030417,1056.50,1088.00,1054.00,1083.00,17354
20030421,1084.50,1092.50,1073.00,1084.50,9724
20030422,1083.50,1106.50,1073.50,1104.00,15178
20030423,1106.00,1118.00,1098.00,1113.50,16075
20030424,1113.50,1118.00,1098.00,1108.00,11722
20030425,1110.00,1112.50,1082.50,1085.50,13500
20030428,1085.00,1113.00,1081.00,1107.00,14371
20030429,1106.00,1129.00,1104.00,1116.50,16796
20030430,1116.00,1119.00,1105.50,1108.00,10328
20030501,1105.50,1122.50,1094.00,1113.50,21205
20030502,1113.50,1140.00,1111.00,1139.00,14984
20030505,1139.00,1156.00,1135.00,1138.50,15879
20030506,1137.50,1164.00,1135.00,1152.50,18001
20030507,1153.50,1159.00,1132.00,1139.50,15513
20030508,1138.50,1139.50,1117.00,1118.00,17205
20030509,1118.00,1146.00,1114.50,1143.50,14942
20030512,1145.00,1167.00,1134.50,1160.00,15744
20030513,1161.50,1168.00,1149.00,1154.50,11673
20030514,1154.00,1166.00,1141.50,1151.00,12841
20030515,1152.00,1167.00,1150.00,1163.50,11884
20030516,1162.50,1166.50,1147.00,1156.50,10925
20030519,1154.00,1154.00,1112.00,1114.00,23276
20030520,1115.50,1126.00,1104.00,1118.50,16126
20030521,1119.50,1122.00,1104.00,1115.50,13390
20030522,1115.00,1139.00,1111.00,1130.00,15385
20030523,1130.00,1137.50,1125.00,1130.50,9339
20030527,1130.50,1176.00,1123.00,1172.50,22261
20030528,1172.50,1186.00,1165.50,1174.50,16220
20030529,1172.50,1200.00,1170.50,1179.00,16930
20030530,1179.50,1203.00,1177.00,1199.00,13939
20030602,1198.50,1215.50,1180.00,1190.50,17980
20030603,1187.00,1202.00,1180.00,1201.50,15840
20030604,1202.00,1230.00,1196.00,1224.50,17222
20030605,1223.00,1235.00,1206.00,1234.00,15683
20030606,1231.00,1267.00,1208.00,1213.00,22624
20030609,1209.00,1223.00,1188.00,1197.50,19453
20030610,1197.50,1215.00,1194.00,1214.50,17553
20030611,1212.00,1232.00,1199.00,1229.00,50224
20030612,1228.50,1240.00,1217.00,1233.00,50512
20030613,1234.00,1235.00,1202.00,1207.00,50173
20030616,1207.50,1247.00,1205.50,1246.00,39429
20030617,1244.50,1255.00,1232.00,1239.50,35320
20030618,1240.50,1259.00,1228.00,1246.50,36001
20030619,1247.00,1259.00,1225.00,1225.50,27639
20030620,1225.00,1239.00,1219.00,1222.00,11004
20030623,1222.00,1224.00,1191.00,1205.00,14033
20030624,1204.50,1213.00,1190.00,1194.50,17925
20030625,1195.50,1216.00,1188.00,1189.50,16645
20030626,1189.50,1220.00,1189.00,1217.00,13833
20030627,1218.50,1232.00,1200.00,1202.50,17050
20030630,1205.50,1222.00,1201.00,1204.50,10552
20030701,1206.00,1224.00,1180.00,1223.00,22477
20030702,1223.00,1250.00,1222.00,1248.50,18376
20030703,1247.00,1253.00,1227.00,1229.00,11178
20030707,1236.00,1286.00,1233.00,1285.00,20052
20030708,1284.50,1302.00,1273.50,1299.00,17978
20030709,1298.00,1310.00,1287.00,1297.00,20232
20030710,1289.50,1290.00,1262.00,1272.50,17805
20030711,1273.00,1289.00,1266.00,1281.50,11899
20030714,1285.00,1320.00,1283.00,1299.50,15568
20030715,1298.50,1314.00,1287.00,1298.00,12607
20030716,1306.50,1315.00,1278.00,1295.00,12855
20030717,1292.00,1292.50,1249.00,1255.00,22997
20030718,1262.00,1270.00,1245.00,1258.50,16713
20030721,1258.50,1262.50,1232.00,1241.50,20247
20030722,1238.50,1268.50,1238.00,1262.50,13209
20030723,1265.50,1274.50,1247.50,1273.00,14485
20030724,1271.00,1291.00,1252.00,1254.00,17160
20030725,1251.50,1281.00,1238.00,1280.50,17127
20030728,1282.00,1288.00,1273.00,1283.50,10315
20030729,1283.50,1289.00,1257.00,1273.50,14297
20030730,1274.00,1281.50,1262.00,1264.50,8290
20030731,1264.00,1301.00,1264.00,1279.00,15043
20030801,1280.00,1284.50,1260.00,1267.50,10293
20030804,1265.00,1279.00,1241.00,1265.50,14397
20030805,1266.00,1268.00,1215.00,1216.00,19559
20030806,1215.50,1238.00,1211.00,1214.50,14074
20030807,1215.00,1227.00,1208.50,1219.50,11882
20030808,1218.50,1229.00,1204.00,1210.50,9626
20030811,1210.00,1232.00,1208.00,1222.50,11656
20030812,1223.50,1244.00,1220.00,1242.50,9938
20030813,1241.50,1250.50,1233.00,1243.00,13257
20030814,1243.00,1255.50,1235.00,1245.50,12840
20030815,1238.00,1259.00,1227.00,1254.50,6418
20030818,1253.50,1288.00,1252.50,1287.00,14370
20030819,1287.00,1303.00,1281.50,1302.50,14019
20030820,1299.00,1309.00,1289.00,1299.50,8955
20030821,1300.00,1321.00,1298.00,1313.50,14201
20030822,1313.50,1343.00,1304.00,1305.00,14791
20030825,1305.00,1308.50,1295.50,1307.00,8702
20030826,1309.50,1312.00,1280.00,1308.50,16544
20030827,1309.00,1321.00,1302.50,1320.00,8440
20030828,1320.00,1333.00,1309.00,1331.50,9935
20030829,1331.00,1346.00,1327.00,1342.00,7161
20030902,1342.50,1363.50,1334.00,1363.00,17817
20030903,1364.00,1376.00,1354.50,1361.50,14646
20030904,1361.00,1377.00,1356.00,1375.00,15229
20030905,1380.00,1381.50,1354.00,1366.00,21185
20030908,1364.00,1389.00,1364.00,1388.00,19905
20030909,1388.50,1393.50,1364.50,1371.50,23044
20030910,1368.00,1370.00,1332.00,1338.00,26936
20030911,1337.00,1358.00,1328.00,1352.50,40477
20030912,1356.00,1362.50,1332.00,1362.00,41381
20030915,1362.00,1367.50,1347.00,1350.00,29938
20030916,1350.50,1387.00,1349.50,1386.00,38775
20030917,1386.00,1391.00,1371.00,1380.50,26551
20030918,1379.00,1405.00,1370.00,1401.00,32357
20030919,1401.50,1404.00,1384.50,1394.50,11460
20030922,1393.00,1393.00,1359.50,1365.50,17595
20030923,1365.50,1391.50,1365.00,1389.00,18596
20030924,1388.50,1393.50,1337.00,1337.50,21474
20030925,1338.50,1359.00,1319.00,1319.50,18451
20030926,1319.00,1336.00,1309.00,1310.50,16927
20030929,1312.00,1337.00,1307.00,1336.00,17389
20030930,1334.50,1336.50,1303.00,1306.00,17357
20031001,1306.00,1338.00,1305.00,1333.50,17040
20031002,1332.50,1345.00,1326.00,1338.50,15071
20031003,1337.50,1388.00,1336.00,1376.50,17865
20031006,1375.00,1387.00,1371.00,1386.50,9173
20031007,1386.00,1396.00,1369.00,1395.00,16999
20031008,1395.00,1401.00,1377.50,1386.00,12858
20031009,1387.50,1420.00,1381.00,1397.50,17615
20031010,1397.00,1410.00,1394.50,1409.50,9957
20031013,1409.50,1424.00,1406.00,1418.50,9467
20031014,1418.50,1425.00,1407.00,1424.00,8750
20031015,1425.00,1445.00,1410.00,1416.50,14353
20031016,1412.00,1430.00,1406.50,1428.00,12966
20031017,1421.00,1429.00,1393.00,1393.50,15761
20031020,1394.00,1413.00,1389.00,1411.50,12275
20031021,1410.00,1427.50,1406.00,1419.50,12534
20031022,1419.50,1420.50,1386.00,1392.00,15820
20031023,1388.50,1389.50,1368.50,1374.50,19101
20031024,1374.50,1377.00,1347.00,1376.00,17029
20031027,1373.00,1387.00,1369.00,1377.50,11216
20031028,1377.00,1425.00,1377.00,1423.50,17651
20031029,1423.00,1426.00,1411.50,1421.50,14443
20031030,1420.50,1445.50,1414.50,1424.00,15665
20031031,1422.00,1430.50,1412.00,1418.00,9290
20031103,1413.00,1448.00,1413.00,1439.00,12567
20031104,1440.50,1444.00,1426.00,1430.50,8569
20031105,1428.50,1444.00,1414.50,1441.50,10918
20031106,1443.50,1448.00,1422.00,1447.50,13851
20031107,1443.00,1458.00,1432.00,1433.50,12708
20031110,1434.50,1439.50,1412.00,1416.50,13024
20031111,1418.50,1420.00,1402.00,1411.50,13027
20031112,1410.00,1447.00,1409.00,1442.00,13867
20031113,1442.50,1450.00,1430.00,1440.00,11086
20031114,1439.00,1449.00,1406.00,1409.50,17487
20031117,1408.50,1409.00,1377.50,1395.00,18942
20031118,1395.00,1406.50,1360.00,1362.50,18107
20031119,1362.50,1384.00,1359.50,1375.50,13039
20031120,1377.00,1395.50,1359.50,1362.50,18159
20031121,1362.00,1379.00,1357.00,1378.50,15091
20031124,1374.50,1418.50,1374.50,1415.50,16695
20031125,1415.50,1430.00,1412.00,1414.50,11891
20031126,1415.00,1428.00,1400.00,1421.00,14594
20031128,1420.50,1428.00,1412.00,1425.00,6338
20031201,1425.50,1448.00,1421.50,1443.50,11876
20031202,1444.50,1449.00,1431.00,1435.50,12086
20031203,1435.00,1453.00,1417.50,1418.00,16637
20031204,1418.00,1435.50,1410.50,1433.00,17052
20031205,1424.00,1428.00,1405.00,1410.00,13756
20031208,1409.00,1420.50,1398.50,1417.50,19504
20031209,1418.00,1426.00,1382.00,1384.50,25445
20031210,1384.50,1395.00,1372.00,1390.00,31530
20031211,1390.00,1423.00,1386.00,1419.50,51103
20031212,1423.00,1427.50,1407.00,1422.50,40871
20031215,1450.00,1456.00,1396.00,1402.50,48550
20031216,1402.00,1411.50,1387.00,1404.50,35656
20031217,1405.50,1409.50,1393.00,1406.50,31252
20031218,1406.00,1436.50,1405.00,1433.50,38364
20031219,1430.50,1436.00,1417.50,1428.50,12811
20031222,1418.00,1437.00,1418.00,1433.50,7290
20031223,1433.00,1452.00,1431.00,1444.50,9663
20031224,1444.00,1451.00,1441.50,1446.50,3258
20031226,1447.00,1455.00,1443.50,1445.00,1834
20031229,1446.00,1472.00,1446.00,1470.00,5765
20031230,1470.00,1477.00,1463.00,1474.50,5905
20031231,1474.00,1478.50,1461.00,1471.00,6076
20040102,1476.00,1483.00,1460.00,1466.50,6333
20040105,1469.00,1498.00,1467.50,1495.50,12414
20040106,1495.00,1508.00,1489.50,1504.50,9970
20040107,1500.50,1517.50,1493.50,1517.00,13150
20040108,1516.50,1531.50,1515.00,1531.00,13246
20040109,1531.00,1545.00,1514.50,1521.50,15146
20040112,1521.50,1545.00,1519.00,1544.50,11679
20040113,1543.50,1549.00,1514.50,1528.50,13811
20040114,1529.00,1540.00,1524.00,1537.50,8833
20040115,1532.50,1548.50,1516.00,1537.50,18277
20040116,1536.50,1556.00,1536.00,1553.00,11402
20040120,1553.00,1562.50,1543.00,1553.00,13819
20040121,1552.00,1557.00,1530.00,1547.00,18663
20040122,1550.50,1558.00,1532.50,1534.50,12422
20040123,1527.50,1549.00,1521.00,1533.00,12617
20040126,1532.50,1556.00,1523.50,1554.50,12974
20040127,1554.00,1555.50,1519.50,1520.00,15665
20040128,1519.50,1532.50,1489.00,1494.00,16544
20040129,1492.00,1502.50,1475.50,1499.50,22912
20040130,1501.00,1507.00,1488.00,1495.00,11528
20040202,1494.00,1509.00,1482.00,1489.00,14548
20040203,1488.00,1499.00,1483.50,1487.00,9985
20040204,1488.50,1488.50,1462.00,1463.00,14986
20040205,1463.00,1477.00,1462.00,1467.50,12480
20040206,1467.00,1500.50,1466.00,1494.50,15952
20040209,1496.50,1505.00,1491.00,1494.00,10993
20040210,1495.50,1505.50,1490.50,1497.50,9681
20040211,1497.50,1516.00,1492.00,1512.50,12664
20040212,1513.00,1518.00,1499.50,1500.50,10587
20040213,1501.00,1512.00,1479.00,1488.00,14046
20040217,1487.50,1514.00,1487.00,1507.50,10628
20040218,1509.00,1516.00,1501.50,1511.00,12539
20040219,1512.50,1525.50,1482.00,1488.50,15137
20040220,1488.00,1495.00,1470.00,1483.50,20824
20040223,1483.50,1493.50,1454.00,1466.50,20481
20040224,1467.00,1475.00,1452.00,1463.50,19469
20040225,1464.50,1475.50,1458.50,1472.00,12560
20040226,1471.00,1482.00,1461.00,1475.50,12298
20040227,1476.00,1486.00,1459.50,1471.50,18733
20040301,1474.50,1491.50,1467.00,1490.00,18551
20040302,1491.00,1496.00,1472.50,1473.00,19137
20040303,1472.50,1475.00,1457.00,1464.00,18564
20040304,1465.00,1482.00,1464.00,1477.50,13553
20040305,1474.00,1494.00,1461.00,1474.50,24347
20040308,1475.50,1482.00,1437.00,1437.50,21848
20040309,1439.50,1447.00,1429.00,1435.00,28319
20040310,1436.00,1448.00,1413.00,1414.50,41088
20040311,1415.50,1429.00,1396.00,1403.00,66720
20040312,1406.00,1434.00,1400.00,1431.50,40668
20040315,1428.50,1434.00,1403.00,1407.50,44288
20040316,1406.50,1421.00,1396.00,1408.00,36171
20040317,1408.50,1436.00,1408.50,1431.50,50631
20040318,1431.00,1432.50,1409.00,1425.00,24764
20040319,1424.50,1432.00,1399.00,1400.00,13490
20040322,1398.50,1400.00,1371.00,1382.50,16259
20040323,1382.50,1396.00,1369.00,1371.50,14738
20040324,1372.00,1395.00,1366.00,1386.50,18145
20040325,1387.00,1429.00,1383.00,1424.50,20410
20040326,1425.00,1434.00,1418.00,1419.50,14711
20040329,1420.50,1449.00,1420.00,1443.50,18416
20040330,1443.50,1448.00,1431.00,1447.00,13608
20040331,1447.50,1453.00,1434.00,1441.50,12512
20040401,1443.00,1460.00,1438.00,1458.50,13779
20040402,1458.00,1496.50,1454.50,1495.00,25112
20040405,1493.50,1511.00,1488.00,1509.00,13426
20040406,1506.50,1509.50,1487.00,1488.50,12733
20040407,1488.00,1495.00,1477.00,1490.00,12750
20040408,1489.50,1507.00,1480.00,1489.50,12776
20040412,1490.00,1500.00,1485.50,1497.50,6296
20040413,1498.00,1508.00,1471.00,1476.50,14052
20040414,1473.00,1488.00,1462.50,1483.50,15863
20040415,1483.00,1488.00,1451.00,1456.00,14799
20040416,1454.50,1463.00,1442.00,1453.50,19965
20040419,1450.50,1473.50,1446.00,1471.00,11316
20040420,1471.00,1482.00,1435.50,1437.50,16793
20040421,1440.00,1454.50,1435.50,1448.50,14219
20040422,1455.50,1491.00,1445.00,1484.00,19288
20040423,1494.50,1501.00,1486.00,1498.00,14364
20040426,1496.50,1501.50,1476.00,1489.50,11392
20040427,1489.00,1498.00,1477.50,1484.50,11561
20040428,1484.50,1485.00,1450.00,1458.00,17639
20040429,1457.00,1462.50,1421.00,1436.00,23312
20040430,1434.00,1442.50,1400.00,1403.00,19807
20040503,1400.00,1430.00,1400.00,1414.50,15853
20040504,1414.00,1439.00,1410.00,1419.00,17361
20040505,1419.50,1437.00,1411.50,1432.00,12547
20040506,1432.00,1433.00,1403.50,1419.00,14292
20040507,1418.50,1434.50,1405.00,1406.00,18778
20040510,1403.50,1407.00,1383.50,1395.50,19494
20040511,1395.00,1424.00,1394.50,1416.00,13955
20040512,1420.00,1423.00,1378.00,1419.00,21858
20040513,1419.00,1427.00,1405.50,1409.50,14875
20040514,1409.50,1421.50,1394.00,1400.00,16689
20040517,1398.00,1401.00,1372.50,1386.50,13725
20040518,1386.00,1405.00,1385.00,1398.00,8498
20040519,1398.50,1429.00,1393.00,1396.00,17098
20040520,1395.50,1409.00,1390.00,1402.00,9986
20040521,1401.00,1416.00,1397.50,1408.50,12022
20040524,1407.50,1427.00,1407.50,1418.00,12654
20040525,1418.00,1451.00,1406.50,1446.00,21379
20040526,1446.50,1456.00,1439.50,1455.50,12596
20040527,1455.00,1468.50,1450.00,1467.00,14865
20040528,1466.00,1471.50,1457.00,1467.00,8797
20040601,1466.00,1470.50,1453.00,1469.00,12924
20040602,1469.00,1476.00,1455.00,1465.50,18545
20040603,1465.50,1467.00,1442.00,1443.00,15418
20040604,1449.00,1474.00,1444.50,1456.50,18445
20040607,1454.00,1493.00,1454.00,1491.00,22261
20040608,1491.00,1496.00,1482.00,1492.50,21879
20040609,1492.00,1494.50,1468.00,1471.50,26471
20040610,1473.00,1483.00,1470.00,1482.00,38003
20040614,1472.50,1473.00,1452.00,1461.50,53439
20040615,1464.50,1493.50,1464.50,1485.00,41928
20040616,1483.00,1491.00,1478.00,1482.00,30737
20040617,1481.00,1482.50,1462.50,1469.50,22401
20040618,1469.50,1486.50,1460.50,1468.00,12457
20040621,1469.50,1479.00,1455.00,1458.00,7627
20040622,1457.50,1481.00,1452.50,1479.50,13002
20040623,1479.00,1500.00,1472.00,1496.50,12485
20040624,1496.00,1507.00,1489.00,1493.50,13048
20040625,1494.00,1508.50,1491.00,1505.50,10356
20040628,1504.00,1521.00,1488.50,1493.50,12902
20040629,1493.50,1512.00,1489.50,1507.50,10154
20040630,1508.50,1528.50,1506.00,1521.00,11073
20040701,1521.50,1525.00,1483.00,1494.00,13978
20040702,1492.00,1497.50,1478.00,1488.00,12674
20040706,1489.50,1493.50,1445.50,1453.50,17708
20040707,1452.50,1463.00,1450.00,1454.00,12050
20040708,1453.50,1456.00,1433.50,1438.50,15354
20040709,1441.50,1453.00,1437.00,1442.00,9365
20040712,1445.00,1445.50,1420.50,1434.00,12218
20040713,1434.50,1443.50,1429.00,1434.00,7515
20040714,1426.00,1436.50,1414.00,1419.00,16319
20040715,1421.00,1430.00,1413.50,1414.00,11142
20040716,1417.00,1428.00,1395.00,1397.50,14880
20040719,1398.00,1410.00,1389.00,1395.00,11989
20040720,1396.00,1435.00,1391.00,1427.50,13080
20040721,1428.00,1438.00,1385.50,1386.50,22127
20040722,1384.00,1413.50,1380.00,1405.50,16933
20040723,1392.50,1401.00,1371.50,1378.00,12459
20040726,1382.50,1388.00,1360.00,1373.00,12422
20040727,1373.00,1398.00,1372.50,1390.50,12979
20040728,1391.00,1395.00,1361.50,1385.00,16808
20040729,1384.50,1406.50,1380.00,1401.50,11533
20040730,1403.50,1414.00,1394.50,1402.50,10986
20040802,1399.00,1411.00,1388.00,1407.00,8920
20040803,1406.50,1407.50,1377.00,1378.50,10721
20040804,1378.50,1388.00,1369.00,1379.00,10841
20040805,1378.00,1386.50,1353.00,1354.00,10940
20040806,1353.50,1360.00,1315.00,1317.50,18079
20040809,1322.00,1327.00,1315.50,1320.50,11093
20040810,1321.50,1348.00,1321.00,1336.50,9991
20040811,1336.50,1337.00,1310.50,1326.50,13992
20040812,1325.50,1331.00,1303.50,1308.50,10844
20040813,1310.50,1317.50,1302.00,1311.50,11479
20040816,1310.00,1336.00,1303.50,1322.00,11018
20040817,1322.00,1345.00,1320.00,1338.50,12412
20040818,1337.50,1364.00,1329.00,1361.50,16379
20040819,1362.00,1364.50,1345.00,1355.50,10320
20040820,1355.00,1374.50,1348.00,1367.50,11279
20040823,1367.50,1379.00,1364.50,1371.50,7985
20040824,1371.00,1380.00,1361.00,1373.50,14718
20040825,1372.50,1393.00,1364.00,1390.00,10156
20040826,1389.50,1390.00,1380.00,1383.00,5810
20040827,1382.50,1395.00,1381.00,1390.00,7036
20040830,1390.00,1390.50,1365.00,1367.00,9099
20040831,1368.50,1373.00,1353.00,1370.00,11938
20040901,1369.00,1385.50,1360.00,1378.00,13497
20040902,1377.00,1404.00,1374.00,1398.00,11603
20040903,1386.50,1394.00,1369.00,1375.00,11734
20040907,1374.00,1392.00,1372.50,1384.00,14167
20040908,1383.50,1395.00,1374.00,1380.50,30189
20040909,1379.50,1397.50,1373.50,1391.00,59360
20040910,1394.50,1420.50,1391.00,1418.00,34529
20040913,1418.00,1442.00,1415.50,1436.50,34832
20040914,1435.00,1443.00,1428.00,1438.50,53182
20040915,1440.50,1440.50,1417.00,1423.00,30222
20040916,1423.00,1435.00,1418.00,1425.50,20949
20040917,1424.00,1434.00,1419.00,1429.00,12640
20040920,1428.00,1443.00,1420.00,1431.50,10577
20040921,1433.00,1447.00,1429.50,1435.50,9480
20040922,1435.00,1436.50,1407.00,1411.00,12924
20040923,1411.00,1419.00,1407.00,1409.50,8461
20040924,1408.50,1420.00,1401.50,1404.50,12233
20040927,1405.00,1409.00,1386.50,1391.50,10578
20040928,1392.00,1399.00,1381.00,1393.50,13333
20040929,1393.50,1417.00,1389.50,1415.50,14009
20040930,1415.00,1422.50,1407.00,1417.50,13491
20041001,1416.00,1458.00,1412.00,1456.50,19844
20041004,1455.50,1477.50,1455.50,1464.00,14991
20041005,1464.00,1473.00,1458.50,1468.00,9082
20041006,1468.50,1480.00,1456.00,1479.00,11715
20041007,1478.00,1480.00,1458.50,1462.50,10594
20041008,1463.00,1469.50,1431.00,1435.50,13513
20041011,1437.00,1446.00,1435.00,1442.50,6050
20041012,1442.50,1443.00,1419.00,1439.50,14279
20041013,1442.50,1457.00,1428.50,1437.00,15343
20041014,1434.50,1441.50,1424.50,1430.50,10854
20041015,1427.50,1446.00,1422.00,1436.00,13998
20041018,1438.00,1461.00,1425.00,1457.00,15244
20041019,1457.50,1474.00,1443.00,1446.00,15430
20041020,1446.00,1460.00,1437.00,1452.50,16288
20041021,1453.00,1482.00,1449.00,1475.50,15925
20041022,1469.00,1481.00,1440.00,1443.50,12202
20041025,1441.50,1442.50,1429.50,1435.00,13316
20041026,1436.00,1445.00,1426.00,1443.50,10396
20041027,1442.50,1487.00,1437.50,1479.50,20067
20041028,1479.00,1495.00,1472.50,1489.50,14128
20041029,1490.00,1500.50,1477.00,1490.00,12819
20041101,1484.00,1498.50,1482.00,1491.50,7470
20041102,1492.00,1513.00,1488.00,1498.00,14393
20041103,1498.00,1529.00,1494.00,1508.00,15216
20041104,1503.50,1523.00,1495.00,1515.00,14169
20041105,1515.00,1538.50,1514.00,1530.50,13685
20041108,1529.00,1534.50,1523.00,1531.00,7694
20041109,1531.00,1537.00,1522.00,1526.50,9228
20041110,1527.00,1533.00,1516.00,1522.50,9954
20041111,1521.00,1545.00,1519.50,1541.00,9868
20041112,1541.00,1558.00,1537.50,1555.50,11276
20041115,1556.50,1565.00,1551.50,1563.50,7920
20041116,1563.00,1564.00,1543.50,1555.50,10113
20041117,1556.50,1583.00,1556.50,1574.50,12245
20041118,1574.00,1584.50,1565.00,1582.50,7409
20041119,1582.00,1583.00,1553.00,1558.00,12554
20041122,1555.50,1572.00,1548.00,1571.50,13139
20041123,1571.00,1575.50,1554.00,1570.00,11995
20041124,1570.00,1586.00,1569.50,1582.50,11249
20041126,1581.00,1594.00,1577.00,1577.50,6497
20041129,1577.00,1596.00,1568.00,1577.50,12417
20041130,1578.00,1585.00,1571.50,1573.00,8382
20041201,1576.00,1609.00,1575.00,1602.50,14929
20041202,1603.50,1625.50,1600.00,1613.00,17230
20041203,1626.00,1633.50,1610.50,1611.50,11853
20041206,1611.50,1627.00,1606.00,1618.50,15515
20041207,1619.50,1629.00,1592.00,1593.00,24770
20041208,1593.00,1609.00,1588.00,1602.50,24014
20041209,1601.00,1616.00,1578.00,1606.50,52709
20041210,1602.00,1610.50,1600.50,1608.50,23663
20041213,1617.50,1631.50,1616.00,1631.00,28016
20041214,1631.00,1642.00,1625.50,1635.00,31158
20041215,1636.00,1645.00,1623.00,1633.00,26703
20041216,1631.00,1635.50,1609.50,1620.50,22276
20041217,1620.00,1625.00,1610.00,1610.50,10304
20041220,1609.50,1624.00,1595.00,1604.00,9981
20041221,1604.50,1620.50,1602.00,1616.00,9280
20041222,1615.00,1629.00,1611.00,1616.00,6278
20041223,1617.00,1628.50,1614.00,1618.50,4221
20041227,1620.50,1632.00,1607.00,1617.00,5632
20041228,1617.00,1632.50,1616.00,1630.00,4715
20041229,1630.00,1639.00,1625.50,1633.50,4791
20041230,1633.00,1637.50,1626.00,1628.00,3008
20041231,1629.00,1637.00,1622.00,1628.50,4820
20050103,1627.50,1644.00,1606.00,1615.50,13004
20050104,1614.50,1620.00,1571.00,1582.50,15607
20050105,1583.00,1588.00,1564.50,1565.50,18542
20050106,1567.00,1578.00,1562.00,1563.00,10365
20050107,1563.00,1584.00,1557.50,1567.50,15632
20050110,1570.50,1584.50,1564.00,1568.00,10228
20050111,1568.50,1572.00,1551.00,1559.00,10558
20050112,1565.00,1573.00,1548.00,1568.00,14091
20050113,1570.50,1576.50,1547.50,1550.00,11066
20050114,1549.50,1569.00,1548.00,1562.50,6873
20050118,1566.00,1580.50,1556.00,1576.00,11263
20050119,1577.50,1580.00,1542.00,1542.50,11369
20050120,1534.50,1540.00,1519.00,1522.50,13227
20050121,1525.00,1531.00,1506.00,1509.50,12593
20050124,1510.50,1514.50,1484.00,1491.00,13489
20050125,1491.00,1510.00,1491.00,1495.00,12015
20050126,1495.00,1518.00,1495.00,1506.50,11478
20050127,1507.00,1517.00,1500.50,1509.00,14224
20050128,1512.00,1517.50,1489.50,1509.50,17195
20050131,1511.50,1528.00,1511.50,1524.00,11940
20050201,1524.00,1532.00,1520.50,1529.50,7068
20050202,1529.50,1535.50,1518.00,1524.50,9189
20050203,1521.50,1525.00,1504.00,1511.50,8227
20050204,1511.50,1539.00,1507.00,1534.00,11147
20050207,1538.00,1542.00,1525.00,1530.50,10660
20050208,1531.00,1546.00,1527.00,1529.50,9223
20050209,1528.50,1537.00,1507.00,1509.00,11829
20050210,1509.00,1517.50,1499.00,1506.50,8141
20050211,1505.50,1539.00,1501.00,1534.00,12438
20050214,1537.00,1543.00,1532.00,1537.50,5939
20050215,1537.00,1565.00,1537.00,1548.50,11589
20050216,1548.00,1553.00,1537.00,1545.50,8439
20050217,1546.50,1550.00,1521.00,1524.00,15040
20050218,1524.00,1529.00,1514.00,1517.00,8219
20050222,1517.00,1525.50,1494.00,1502.00,15376
20050223,1501.00,1509.00,1491.00,1501.50,13202
20050224,1501.50,1521.00,1493.00,1518.50,10450
20050225,1519.00,1531.50,1515.00,1531.00,10148
20050228,1530.50,1536.00,1500.00,1513.00,12662
20050301,1513.50,1531.50,1511.00,1529.00,9715
20050302,1527.50,1543.00,1517.00,1525.00,9142
20050303,1525.00,1532.50,1503.00,1514.00,13028
20050304,1513.50,1533.00,1511.50,1525.00,11622
20050307,1527.50,1555.00,1524.00,1544.50,16094
20050308,1549.00,1551.00,1528.50,1532.00,12617
20050309,1533.50,1540.00,1521.00,1524.00,17858
20050310,1525.00,1528.50,1505.00,1524.50,27872
20050311,1539.00,1545.00,1511.50,1518.50,38753
20050314,1518.00,1526.00,1512.50,1525.00,32558
20050315,1526.00,1531.50,1510.00,1514.00,33023
20050316,1513.50,1519.50,1491.00,1495.50,33562
20050317,1496.00,1506.50,1491.00,1498.00,30397
20050318,1499.50,1503.50,1483.50,1491.00,12035
20050321,1492.00,1500.00,1479.00,1488.50,10952
20050322,1487.50,1499.00,1473.00,1474.50,9599
20050323,1473.00,1489.00,1464.00,1479.00,14245
20050324,1479.00,1495.00,1478.00,1480.00,7362
20050328,1482.50,1494.00,1479.00,1481.00,5468
20050329,1481.50,1493.00,1466.00,1477.00,9302
20050330,1477.00,1500.00,1475.50,1499.00,10635
20050331,1499.50,1504.50,1486.00,1491.00,8375
20050401,1491.00,1513.00,1473.00,1480.00,12996
20050404,1479.00,1490.00,1469.00,1485.00,6591
20050405,1486.50,1495.00,1485.00,1491.50,6844
20050406,1491.00,1505.00,1484.50,1493.00,9460
20050407,1493.00,1510.00,1487.00,1509.00,8230
20050408,1509.50,1511.50,1491.00,1493.50,6720
20050411,1492.00,1499.00,1483.00,1486.00,8165
20050412,1486.00,1498.00,1466.00,1493.50,13960
20050413,1494.00,1494.00,1465.50,1470.00,9470
20050414,1471.00,1474.50,1439.00,1441.00,15511
20050415,1440.00,1444.00,1413.00,1414.50,15262
20050418,1415.50,1425.00,1401.00,1414.50,11148
20050419,1414.50,1430.00,1414.50,1426.00,6137
20050420,1431.00,1439.50,1409.00,1414.50,14205
20050421,1411.50,1454.00,1410.00,1449.00,12411
20050422,1449.00,1450.50,1417.00,1431.50,9491
20050425,1431.50,1444.00,1430.00,1441.50,8940
20050426,1441.50,1452.00,1425.50,1429.00,10234
20050427,1427.50,1434.50,1413.50,1427.00,10293
20050428,1428.00,1430.50,1412.00,1412.50,7276
20050429,1415.50,1427.00,1397.00,1425.50,13967
20050502,1426.00,1439.00,1419.00,1427.50,8944
20050503,1428.00,1441.00,1423.50,1438.00,8670
20050504,1438.00,1458.00,1433.00,1452.00,10624
20050505,1453.00,1462.00,1445.00,1456.50,7141
20050506,1456.00,1467.00,1452.00,1458.00,5764
20050509,1459.00,1467.00,1449.00,1463.50,6310
20050510,1464.00,1465.00,1448.00,1454.00,5755
20050511,1454.00,1464.50,1436.00,1461.00,10596
20050512,1461.00,1472.00,1449.00,1457.50,8195
20050513,1461.00,1483.00,1459.00,1474.00,10261
20050516,1474.00,1485.50,1468.50,1481.50,6491
20050517,1481.50,1495.00,1471.50,1494.00,8328
20050518,1494.00,1518.50,1488.50,1512.50,12570
20050519,1513.00,1525.00,1511.50,1524.00,8304
20050520,1523.50,1532.00,1518.00,1530.50,6590
20050523,1531.00,1544.00,1527.50,1539.00,9464
20050524,1538.00,1544.00,1531.50,1540.50,7847
20050525,1540.00,1542.00,1526.50,1538.50,7728
20050526,1537.50,1554.50,1536.50,1549.00,11096
20050527,1548.00,1553.50,1543.00,1552.00,3298
20050531,1552.00,1559.00,1540.00,1545.00,6921
20050601,1545.00,1570.50,1543.00,1557.50,15013
20050602,1557.00,1572.00,1555.00,1571.50,4804
20050603,1571.00,1576.50,1543.00,1550.50,7250
20050606,1549.50,1552.50,1541.00,1545.50,4770
20050607,1545.50,1562.00,1532.00,1534.00,10728
20050608,1534.00,1542.50,1525.00,1530.50,23411
20050609,1529.00,1544.00,1521.00,1537.50,28161
20050610,1548.50,1552.50,1528.00,1535.50,21248
20050613,1535.50,1552.00,1531.00,1542.50,24172
20050614,1543.00,1561.00,1532.00,1538.00,27938
20050615,1538.00,1548.50,1521.00,1539.50,24254
20050616,1539.00,1553.00,1538.00,1547.00,22306
20050617,1547.00,1560.00,1544.00,1548.00,5755
20050620,1548.50,1558.00,1537.00,1545.50,4525
20050621,1545.50,1555.00,1541.00,1551.00,5629
20050622,1551.00,1558.50,1538.00,1548.00,6031
20050623,1548.00,1561.00,1526.00,1527.50,11744
20050624,1527.50,1530.00,1507.50,1511.50,9370
20050627,1511.50,1515.00,1499.50,1506.00,7671
20050628,1506.00,1523.00,1505.50,1517.00,5920
20050629,1516.50,1523.00,1510.00,1511.50,4361
20050630,1512.00,1520.00,1500.00,1503.00,6223
20050701,1501.50,1513.00,1498.00,1500.00,4576
20050705,1500.00,1519.00,1491.50,1513.50,6689
20050706,1514.00,1522.00,1505.00,1507.00,6063
20050707,1506.50,1514.00,1465.00,1512.50,12310
20050708,1512.00,1545.00,1509.50,1544.50,10346
20050711,1542.50,1559.00,1542.00,1557.50,7755
20050712,1557.00,1569.50,1551.00,1562.00,6899
20050713,1563.00,1568.50,1557.00,1567.00,4484
20050714,1568.50,1585.50,1563.50,1584.00,7740
20050715,1583.50,1591.00,1576.50,1587.00,5063
20050718,1585.00,1586.50,1577.50,1582.00,3664
20050719,1582.50,1601.00,1582.00,1600.00,4253
20050720,1594.50,1613.50,1586.00,1608.50,7010
20050721,1615.00,1623.50,1598.50,1606.00,7759
20050722,1604.50,1614.50,1599.00,1609.50,5988
20050725,1609.00,1616.00,1598.00,1604.00,4667
20050726,1604.50,1611.00,1597.00,1607.00,4470
20050727,1607.50,1621.00,1598.00,1617.50,5413
20050728,1618.00,1627.50,1615.00,1626.50,5051
20050729,1626.50,1630.00,1611.00,1611.50,5300
20050801,1615.00,1623.00,1610.00,1615.00,4219
20050802,1614.00,1635.00,1614.00,1629.00,6927
20050803,1629.00,1635.00,1624.00,1632.50,6045
20050804,1632.00,1632.50,1612.00,1616.50,6817
20050805,1616.00,1620.00,1605.00,1607.50,6363
20050808,1607.00,1614.00,1593.50,1598.50,5512
20050809,1598.50,1612.00,1597.50,1607.50,6050
20050810,1608.00,1615.50,1586.00,1596.00,9387
20050811,1595.00,1609.00,1591.00,1594.50,9057
20050812,1595.00,1600.00,1585.50,1592.50,6411
20050815,1592.00,1612.50,1590.00,1606.00,4988
20050816,1606.50,1607.00,1576.00,1583.00,7361
20050817,1582.50,1593.50,1577.50,1583.50,5621
20050818,1584.00,1590.00,1577.00,1579.50,5318
20050819,1579.50,1586.50,1576.00,1579.50,4046
20050822,1578.50,1593.00,1569.00,1580.50,7623
20050823,1581.00,1582.50,1569.00,1577.50,6596
20050824,1576.50,1593.00,1562.00,1565.00,10104
20050825,1564.50,1573.00,1563.00,1567.00,7697
20050826,1567.00,1570.50,1555.00,1563.50,5620
20050829,1559.00,1579.00,1545.50,1574.50,7723
20050830,1575.00,1577.00,1556.50,1570.00,6015
20050831,1569.50,1589.00,1562.50,1584.00,11519
20050901,1586.00,1590.50,1575.00,1579.00,6666
20050902,1578.50,1585.50,1573.00,1576.50,5569
20050906,1577.00,1600.00,1577.00,1598.50,10465
20050907,1599.00,1603.00,1591.50,1598.50,17487
20050908,1599.00,1607.00,1593.00,1599.00,19749
20050909,1611.00,1625.00,1609.00,1622.50,23340
20050912,1624.00,1632.00,1620.00,1626.50,30386
20050913,1626.00,1634.00,1618.00,1623.00,27100
20050914,1623.00,1627.50,1602.00,1604.00,32225
20050915,1604.00,1609.00,1597.50,1599.50,23858
20050916,1598.50,1614.50,1598.50,1611.50,6416
20050919,1612.50,1612.50,1591.50,1602.00,6710
20050920,1603.00,1618.00,1587.00,1592.00,10939
20050921,1591.00,1595.00,1573.00,1574.50,12389
20050922,1573.50,1583.00,1564.00,1577.00,8722
20050923,1577.00,1589.50,1570.00,1585.00,6629
20050926,1592.50,1597.00,1576.00,1587.00,6779
20050927,1586.00,1590.00,1574.00,1581.50,5835
20050928,1581.50,1592.00,1575.00,1580.50,5850
20050929,1580.00,1603.00,1571.00,1601.00,12126
20050930,1600.50,1616.00,1598.00,1614.00,9550
20051003,1615.50,1624.50,1614.00,1618.50,9278
20051004,1617.00,1629.50,1603.00,1604.00,8779
20051005,1604.00,1607.00,1581.00,1582.50,11397
20051006,1583.00,1587.00,1548.50,1564.50,14723
20051007,1564.50,1573.00,1559.00,1563.00,10061
20051010,1562.50,1571.00,1553.50,1554.50,7207
20051011,1555.50,1563.50,1543.00,1545.50,9677
20051012,1547.00,1552.50,1525.50,1526.50,11150
20051013,1528.50,1547.00,1523.00,1536.00,11342
20051014,1536.50,1553.50,1536.50,1550.00,14602
20051017,1550.50,1559.00,1542.00,1556.00,5875
20051018,1557.00,1561.50,1544.00,1547.00,6942
20051019,1547.50,1582.00,1533.50,1581.00,13571
20051020,1576.50,1583.50,1554.00,1566.00,9609
20051021,1566.50,1580.00,1562.00,1575.50,9484
20051024,1575.00,1599.00,1568.00,1598.00,10762
20051025,1597.50,1597.50,1580.00,1590.00,7423
20051026,1590.50,1601.00,1579.00,1586.00,6837
20051027,1584.00,1584.50,1549.50,1555.00,7424
20051028,1548.50,1565.00,1545.00,1560.50,7128
20051031,1560.50,1592.00,1560.50,1586.50,7683
20051101,1576.00,1590.00,1574.50,1585.50,4223
20051102,1584.50,1610.00,1577.50,1609.50,10651
20051103,1608.00,1634.00,1605.00,1629.00,10931
20051104,1629.00,1638.50,1622.00,1632.50,6855
20051107,1634.00,1641.00,1627.00,1633.00,5977
20051108,1632.50,1643.00,1628.00,1636.50,6488
20051109,1637.00,1642.00,1629.00,1638.00,5480
20051110,1638.00,1657.00,1625.50,1656.50,8686
20051111,1657.00,1666.00,1656.00,1659.00,8308
20051114,1658.50,1663.00,1653.00,1659.00,6556
20051115,1658.00,1665.00,1644.00,1652.50,5707
20051116,1651.50,1662.00,1646.50,1661.50,7621
20051117,1660.50,1687.00,1658.50,1684.50,9227
20051118,1684.00,1695.00,1679.00,1683.00,6871
20051121,1684.50,1692.00,1677.00,1691.50,5822
20051122,1691.00,1702.50,1682.50,1696.50,5211
20051123,1695.00,1709.00,1695.00,1700.50,6292
20051125,1700.50,1705.00,1696.50,1704.50,3138
20051128,1703.50,1710.50,1686.50,1692.50,9529
20051129,1691.00,1701.50,1679.50,1681.00,11021
20051130,1680.50,1686.00,1673.00,1675.00,10547
20051201,1676.50,1709.00,1676.00,1704.00,9138
20051202,1705.00,1712.00,1701.00,1710.00,6991
20051205,1710.00,1714.00,1690.00,1699.50,6305
20051206,1699.50,1719.50,1698.50,1704.50,14757
20051207,1705.00,1707.50,1689.50,1700.50,21757
20051208,1700.50,1704.50,1676.00,1687.00,26059
20051209,1699.50,1712.50,1696.00,1711.00,23265
20051212,1713.50,1719.50,1708.00,1717.00,23538
20051213,1717.50,1731.00,1711.00,1724.00,25469
20051214,1724.00,1726.00,1709.50,1718.50,21366
20051215,1719.50,1724.00,1705.00,1717.00,17675
20051216,1716.50,1724.50,1706.00,1709.50,4982
20051219,1710.50,1715.00,1677.50,1679.50,8396
20051220,1679.50,1689.00,1673.00,1679.50,6786
20051221,1680.00,1700.00,1678.50,1684.00,6107
20051222,1685.00,1702.00,1683.50,1700.50,6299
20051223,1701.00,1706.00,1694.00,1700.00,4035
20051227,1700.50,1710.00,1680.00,1683.50,5843
20051228,1683.50,1689.00,1676.00,1681.00,4530
20051229,1681.50,1686.00,1666.00,1668.00,4594
20051230,1668.50,1670.00,1653.00,1659.00,4356
20060103,1658.00,1701.00,1646.00,1693.00,9257
20060104,1694.00,1713.50,1687.50,1713.00,10636
20060105,1713.00,1724.00,1708.50,1723.00,7040
20060106,1722.00,1750.00,1720.50,1748.00,13395
20060109,1747.50,1759.00,1742.00,1754.50,8230
20060110,1753.00,1760.50,1743.00,1760.00,10308
20060111,1759.50,1774.00,1756.00,1771.00,7449
20060112,1770.00,1772.50,1754.50,1764.00,6568
20060113,1763.50,1766.00,1749.50,1760.00,4700
20060117,1759.50,1764.00,1740.00,1751.50,8006
20060118,1741.50,1741.50,1714.00,1727.50,14618
20060119,1724.00,1753.00,1722.00,1738.50,11183
20060120,1738.00,1738.00,1683.00,1685.50,18732
20060123,1685.00,1696.00,1680.00,1688.00,9279
20060124,1688.00,1706.00,1682.00,1693.00,8504
20060125,1693.00,1705.00,1679.00,1688.50,8934
20060126,1687.00,1705.00,1685.00,1698.50,7033
20060127,1700.00,1733.00,1699.50,1722.50,10318
20060130,1722.00,1731.00,1719.00,1723.50,4951
20060131,1723.50,1728.00,1693.00,1719.50,7510
20060201,1701.00,1725.00,1696.00,1723.50,8448
20060202,1722.50,1723.00,1688.50,1689.00,7603
20060203,1690.00,1699.00,1665.00,1667.50,11274
20060206,1668.00,1675.00,1657.50,1669.50,6472
20060207,1670.50,1671.50,1651.00,1662.50,6850
20060208,1662.00,1680.00,1660.50,1675.50,8621
20060209,1676.00,1689.00,1658.00,1659.00,7657
20060210,1659.50,1675.50,1643.00,1666.50,11283
20060213,1666.00,1667.50,1644.00,1653.00,6023
20060214,1653.00,1674.00,1648.50,1666.00,9908
20060215,1666.00,1683.00,1660.00,1679.50,8041
20060216,1679.50,1697.50,1677.50,1695.50,6897
20060217,1697.00,1697.00,1676.00,1677.50,6362
20060221,1677.50,1687.50,1656.00,1661.00,11044
20060222,1660.50,1690.00,1657.00,1679.50,8072
20060223,1679.00,1693.00,1673.00,1675.50,5264
20060224,1674.50,1685.00,1670.00,1683.50,9987
20060227,1685.00,1706.00,1683.50,1695.00,9742
20060228,1696.50,1699.00,1669.00,1674.50,13294
20060301,1672.50,1701.00,1672.00,1698.00,11086
20060302,1697.50,1704.00,1686.00,1699.50,6606
20060303,1698.00,1710.00,1680.00,1685.50,9140
20060306,1686.00,1694.50,1667.00,1674.50,10668
20060307,1673.00,1673.00,1654.00,1665.50,13121
20060308,1664.00,1672.00,1647.00,1666.50,19483
20060309,1665.00,1673.50,1642.00,1643.00,26437
20060310,1647.00,1659.00,1634.00,1648.50,25917
20060313,1666.00,1683.00,1666.00,1673.50,26272
20060314,1674.00,1705.00,1667.00,1704.50,27464
20060315,1703.50,1716.00,1698.00,1714.50,20117
20060316,1713.00,1722.50,1698.00,1700.00,24877
20060317,1698.50,1711.00,1695.00,1704.50,8353
20060320,1704.50,1714.00,1702.00,1705.50,4343
20060321,1706.50,1727.50,1687.00,1690.50,10792
20060322,1690.00,1696.50,1672.00,1691.00,7221
20060323,1691.50,1694.00,1677.50,1690.50,6871
20060324,1690.00,1706.00,1685.50,1697.50,5431
20060327,1698.00,1705.00,1694.00,1699.00,3372
20060328,1698.50,1712.00,1683.00,1691.00,5123
20060329,1689.00,1728.50,1687.50,1720.50,8081
20060330,1720.50,1737.50,1715.50,1725.00,8754
20060331,1725.00,1732.00,1717.00,1720.00,5056
20060403,1724.75,1739.50,1720.00,1723.75,5646
20060404,1724.00,1737.00,1721.00,1731.50,6865
20060405,1731.50,1751.00,1730.00,1747.25,5445
20060406,1746.50,1762.00,1742.00,1754.75,5681
20060407,1753.00,1766.00,1734.50,1739.75,7222
20060410,1737.25,1743.00,1726.50,1735.50,5310
20060411,1735.50,1739.00,1709.00,1720.75,7201
20060412,1720.25,1724.50,1714.00,1718.75,4245
20060413,1719.25,1735.00,1713.00,1725.50,6946
20060417,1724.25,1730.00,1696.00,1710.50,7644
20060418,1710.50,1744.00,1706.50,1739.75,7459
20060419,1741.00,1751.00,1732.50,1744.50,4591
20060420,1742.00,1753.75,1736.25,1741.25,3404
20060421,1744.00,1749.50,1712.00,1719.00,6654
20060424,1717.75,1723.00,1708.00,1721.50,5584
20060425,1720.75,1724.50,1705.00,1714.50,4867
20060426,1714.25,1721.00,1706.00,1710.75,4835
20060427,1711.50,1739.00,1697.50,1727.50,8171
20060428,1725.75,1728.00,1709.00,1711.00,6116
20060501,1715.00,1720.00,1689.00,1693.00,5333
20060502,1694.00,1706.50,1693.50,1697.75,3653
20060503,1697.00,1702.00,1687.00,1693.50,4932
20060504,1693.50,1716.50,1693.00,1709.75,6199
20060505,1710.25,1725.00,1709.00,1720.25,5132
20060508,1721.75,1728.00,1719.75,1721.25,4356
20060509,1721.50,1724.50,1715.00,1721.75,3634
20060510,1721.75,1722.25,1698.00,1700.75,8335
20060511,1700.75,1706.25,1660.00,1664.75,11149
20060512,1664.75,1666.75,1641.00,1641.50,9080
20060515,1640.00,1647.50,1623.25,1635.75,7874
20060516,1636.50,1644.00,1624.50,1628.25,9311
20060517,1630.00,1635.00,1601.00,1604.75,11947
20060518,1606.25,1618.00,1592.00,1594.75,9762
20060519,1594.00,1611.00,1581.50,1605.25,9841
20060522,1606.75,1610.75,1576.00,1586.25,9203
20060523,1586.25,1606.75,1563.50,1565.25,10804
20060524,1566.50,1592.00,1557.50,1584.50,11367
20060525,1585.25,1607.00,1580.00,1605.25,6728
20060526,1603.50,1612.00,1599.00,1609.75,5853
20060530,1610.50,1610.50,1569.50,1570.00,6686
20060531,1571.50,1592.00,1566.00,1583.00,8221
20060601,1582.50,1620.00,1575.00,1619.00,8878
20060602,1618.75,1639.25,1601.00,1614.50,10145
20060605,1613.00,1613.00,1579.00,1582.75,11252
20060606,1583.00,1589.00,1561.50,1577.50,9538
20060607,1578.75,1594.50,1560.00,1562.50,16137
20060608,1563.75,1568.00,1526.50,1556.50,40005
20060609,1568.00,1575.50,1548.00,1549.50,17325
20060612,1570.00,1577.00,1538.00,1541.25,30894
20060613,1542.00,1555.00,1530.00,1533.00,22866
20060614,1534.00,1550.00,1528.75,1545.75,29334
20060615,1547.00,1597.00,1546.50,1594.50,39135
20060616,1594.25,1603.00,1572.50,1575.50,6829
20060619,1576.00,1586.00,1560.00,1565.00,5626
20060620,1566.75,1584.00,1561.00,1570.00,4159
20060621,1570.00,1605.00,1567.00,1591.50,8390
20060622,1592.25,1598.00,1562.00,1573.50,6177
20060623,1572.25,1585.00,1561.00,1568.50,3653
20060626,1563.50,1578.00,1562.25,1571.00,5186
20060627,1572.25,1576.50,1541.50,1545.25,6758
20060628,1545.00,1558.50,1537.00,1558.00,4236
20060629,1557.50,1606.50,1557.00,1605.00,11499
20060630,1604.00,1609.25,1590.00,1591.50,6098
20060703,1593.50,1603.50,1592.75,1601.50,2546
20060705,1599.75,1599.75,1564.00,1568.25,8629
20060706,1568.50,1581.00,1560.50,1565.00,3465
20060707,1565.50,1579.00,1542.50,1550.25,6053
20060710,1550.50,1558.00,1526.00,1537.75,4811
20060711,1537.50,1549.00,1522.00,1545.00,5814
20060712,1545.00,1547.00,1512.00,1516.75,8407
20060713,1517.50,1519.00,1487.00,1489.75,9828
20060714,1490.50,1493.25,1468.50,1475.00,7938
20060717,1475.00,1487.00,1465.00,1480.25,4718
20060718,1480.00,1489.00,1458.00,1486.75,6856
20060719,1488.50,1510.00,1476.50,1490.75,12881
20060720,1489.25,1507.50,1472.00,1477.25,7732
20060721,1482.50,1486.00,1459.00,1461.25,7217
20060724,1460.25,1495.50,1459.50,1494.50,7008
20060725,1495.00,1504.50,1483.50,1492.25,7186
20060726,1490.75,1510.00,1483.00,1495.75,5056
20060727,1495.75,1516.50,1484.00,1494.50,7083
20060728,1493.00,1522.00,1491.50,1521.25,6282
20060731,1519.50,1526.50,1509.50,1518.75,3151
20060801,1517.00,1517.25,1483.50,1493.75,8157
20060802,1494.00,1520.00,1493.00,1509.75,5667
20060803,1509.75,1527.50,1492.50,1521.25,7135
20060804,1521.50,1538.50,1497.00,1515.50,7980
20060807,1514.25,1515.00,1494.00,1502.50,5011
20060808,1502.00,1508.50,1482.00,1492.50,5361
20060809,1493.00,1525.00,1488.00,1495.00,11942
20060810,1494.75,1507.00,1484.00,1497.50,5607
20060811,1498.25,1501.50,1485.00,1496.00,4169
20060814,1497.50,1523.00,1497.50,1500.25,5083
20060815,1501.00,1542.00,1500.50,1540.50,8939
20060816,1540.75,1577.00,1538.50,1576.25,10962
20060817,1575.75,1591.50,1569.00,1577.75,11153
20060818,1578.25,1585.50,1563.50,1585.00,7560
20060821,1583.25,1583.25,1561.50,1568.50,5535
20060822,1568.00,1584.00,1560.00,1566.50,4752
20060823,1566.25,1577.00,1548.00,1558.25,7045
20060824,1558.00,1563.00,1546.50,1557.25,4379
20060825,1559.25,1575.00,1552.50,1560.75,3353
20060828,1562.75,1580.00,1556.25,1570.50,4698
20060829,1571.75,1581.00,1556.00,1576.00,5812
20060830,1576.00,1587.50,1573.00,1584.50,5270
20060831,1585.00,1590.00,1579.00,1583.00,4336
20060901,1583.00,1597.50,1583.00,1590.50,5376
20060905,1589.00,1608.00,1582.00,1604.75,5614
20060906,1603.75,1604.25,1571.50,1575.75,10305
20060907,1575.00,1583.00,1561.50,1568.25,20029
20060908,1569.00,1580.00,1565.50,1571.00,19225
20060911,1591.00,1612.50,1577.75,1602.00,38869
20060912,1602.50,1638.50,1595.50,1633.75,31330
20060913,1633.75,1646.50,1631.00,1642.75,24561
20060914,1642.50,1649.50,1636.50,1644.75,21487
20060915,1645.00,1666.00,1644.00,1652.50,8838
20060918,1653.00,1663.00,1644.50,1652.50,8073
20060919,1652.25,1658.00,1627.00,1642.50,12748
20060920,1645.25,1668.00,1644.50,1663.75,8030
20060921,1663.75,1673.00,1648.00,1654.75,5387
20060922,1655.25,1657.25,1632.50,1641.00,7065
20060925,1641.00,1672.50,1631.50,1665.25,7243
20060926,1665.75,1677.50,1660.50,1673.50,5429
20060927,1674.25,1682.50,1664.00,1677.25,6579
20060928,1676.25,1680.00,1661.00,1673.50,5026
20060929,1673.50,1682.00,1669.00,1671.25,4697
20061002,1671.00,1674.75,1646.00,1647.50,6852
20061003,1647.00,1663.00,1638.00,1653.75,7520
20061004,1654.50,1696.50,1648.00,1692.50,10888
20061005,1693.00,1706.00,1690.00,1701.75,6635
20061006,1701.50,1706.00,1692.00,1700.00,5958
20061009,1698.50,1713.50,1693.00,1703.75,2762
20061010,1704.25,1713.00,1695.50,1703.75,7527
20061011,1704.25,1716.00,1690.00,1706.50,4884
20061012,1706.75,1734.00,1704.25,1732.75,4877
20061013,1733.00,1744.50,1728.50,1739.25,3963
20061016,1738.00,1748.00,1736.00,1741.25,3844
20061017,1740.25,1740.50,1712.50,1720.25,6401
20061018,1723.00,1734.50,1707.00,1715.00,6822
20061019,1715.75,1726.00,1704.50,1722.75,5871
20061020,1723.00,1726.25,1706.50,1718.75,7960
20061023,1719.00,1745.50,1713.00,1734.50,5735
20061024,1735.00,1739.00,1716.00,1726.25,7562
20061025,1725.50,1741.00,1722.00,1740.50,5841
20061026,1740.00,1757.50,1728.50,1753.00,9705
20061027,1752.75,1756.75,1722.00,1731.50,5841
20061030,1730.00,1746.00,1721.00,1736.75,4070
20061031,1736.00,1749.50,1731.00,1742.75,4920
20061101,1742.00,1750.25,1710.00,1719.25,8129
20061102,1718.25,1723.00,1707.00,1716.50,8350
20061103,1717.25,1725.00,1701.00,1713.75,10642
20061106,1713.00,1746.00,1712.50,1737.25,6404
20061107,1737.25,1762.00,1730.00,1751.75,7611
20061108,1751.25,1766.00,1735.00,1761.75,7251
20061109,1760.25,1770.50,1743.00,1750.50,6686
20061110,1750.00,1760.00,1743.00,1758.25,3801
20061113,1759.50,1779.00,1756.00,1773.50,4007
20061114,1772.50,1799.00,1765.00,1796.25,6759
20061115,1795.50,1812.50,1793.50,1801.25,7270
20061116,1800.25,1813.00,1797.00,1810.25,6207
20061117,1806.75,1808.75,1794.00,1806.75,8215
20061120,1806.50,1815.00,1795.50,1811.25,5456
20061121,1811.25,1816.00,1805.00,1815.50,2912
20061122,1816.75,1826.00,1804.50,1824.25,5472
20061124,1824.00,1830.00,1805.00,1820.25,3796
20061127,1820.00,1822.50,1777.75,1779.00,9695
20061128,1779.75,1787.00,1766.00,1782.25,6124
20061129,1782.75,1800.00,1779.00,1795.75,8581
20061130,1796.00,1804.00,1783.00,1794.75,7039
20061201,1794.75,1798.50,1762.50,1782.00,9605
20061204,1780.50,1812.00,1778.25,1803.50,6113
20061205,1803.00,1814.25,1799.50,1808.00,9273
20061206,1807.50,1808.25,1794.00,1801.25,6338
20061207,1801.50,1809.50,1776.00,1776.50,42052
20061208,1772.00,1801.00,1768.50,1786.00,201445
20061211,1808.00,1827.00,1801.50,1817.25,21016
20061212,1816.25,1817.50,1793.00,1803.00,27430
20061213,1801.00,1816.50,1795.00,1807.00,15862
20061214,1807.00,1835.00,1805.00,1825.50,17280
20061215,1826.00,1847.00,1826.00,1829.50,8751
20061218,1829.00,1844.00,1804.00,1811.00,3980
20061219,1811.50,1814.50,1787.00,1803.25,9820
20061220,1803.25,1816.00,1796.50,1797.75,4713
20061221,1798.50,1804.00,1778.25,1785.25,3765
20061222,1786.25,1790.00,1763.00,1764.00,5083
20061226,1764.25,1775.25,1764.00,1773.50,3389
20061227,1773.00,1785.75,1772.25,1779.25,3826
20061228,1779.75,1783.50,1769.50,1774.50,1849
20061229,1775.00,1793.00,1772.00,1775.00,1813
20070103,1790.00,1811.00,1747.50,1779.00,8617
20070104,1778.75,1816.00,1771.00,1812.25,5620
20070105,1813.50,1815.75,1785.00,1797.25,7007
20070108,1797.50,1812.50,1792.00,1803.50,4829
20070109,1803.25,1819.00,1792.00,1810.50,4746
20070110,1811.00,1835.00,1798.00,1834.50,8702
20070111,1835.75,1857.00,1830.25,1849.75,6262
20070112,1849.75,1863.00,1845.00,1862.25,5452
20070116,1863.00,1868.00,1851.00,1855.75,4708
20070117,1855.50,1858.00,1838.50,1841.25,6700
20070118,1845.00,1846.25,1802.00,1806.00,11022
20070119,1806.50,1816.00,1801.00,1806.50,6599
20070122,1807.25,1814.00,1783.00,1792.25,5945
20070123,1792.50,1803.00,1783.00,1787.00,5099
20070124,1785.50,1816.00,1785.00,1815.25,5268
20070125,1820.00,1822.00,1784.50,1791.25,5364
20070126,1793.00,1795.50,1773.00,1779.25,6072
20070129,1783.00,1798.50,1776.50,1786.75,7093
20070130,1786.75,1794.00,1782.00,1789.25,2476
20070131,1789.00,1808.00,1774.00,1802.50,4345
20070201,1799.00,1817.00,1794.00,1803.25,6038
20070202,1803.25,1810.50,1797.50,1807.25,3215
20070205,1806.75,1814.00,1798.00,1805.50,2740
20070206,1805.50,1810.00,1785.00,1803.50,6475
20070207,1802.25,1826.00,1802.25,1823.00,5486
20070208,1823.00,1823.00,1809.00,1821.75,2270
20070209,1820.25,1828.00,1787.50,1792.50,8072
20070212,1793.50,1794.50,1781.00,1785.50,4004
20070213,1786.25,1798.00,1786.00,1796.00,4157
20070214,1795.75,1826.00,1794.00,1822.75,6784
20070215,1822.25,1832.00,1818.25,1831.00,6187
20070216,1827.25,1831.00,1819.50,1827.25,6173
20070220,1827.25,1842.00,1813.50,1838.75,7885
20070221,1838.25,1845.50,1829.00,1844.50,3273
20070222,1846.25,1857.00,1837.00,1854.25,5287
20070223,1853.25,1855.00,1837.00,1845.00,5688
20070226,1848.00,1855.00,1824.00,1837.75,5409
20070227,1836.75,1837.50,1744.00,1750.50,13950
20070228,1750.50,1783.00,1744.25,1765.50,8869
20070301,1764.50,1776.00,1720.00,1757.75,9410
20070302,1757.50,1763.00,1725.00,1726.25,4345
20070305,1728.50,1742.50,1704.75,1713.75,10550
20070306,1714.50,1750.00,1711.25,1745.00,11510
20070307,1745.75,1749.50,1735.00,1737.50,17461
20070308,1735.75,1760.00,1733.00,1754.50,28818
20070309,1763.00,1763.00,1736.50,1747.75,8641
20070312,1769.50,1781.50,1760.75,1778.25,21036
20070313,1778.50,1779.75,1739.00,1744.25,35021
20070314,1745.00,1769.50,1732.00,1768.50,28866
20070315,1769.00,1776.00,1757.25,1764.75,21410
20070316,1765.00,1771.00,1753.00,1764.00,4075
20070319,1760.00,1785.00,1757.25,1781.25,4209
20070320,1782.00,1794.00,1778.00,1792.25,5478
20070321,1792.25,1827.00,1782.00,1825.00,4887
20070322,1823.75,1830.00,1812.00,1818.75,10945
20070323,1818.00,1824.50,1810.00,1811.50,4226
20070326,1810.00,1822.00,1794.00,1818.25,5472
20070327,1818.00,1819.25,1806.00,1810.25,2110
20070328,1809.25,1810.00,1787.00,1790.25,6073
20070329,1790.00,1802.00,1770.00,1788.00,4971
20070330,1788.00,1801.50,1775.00,1790.75,5127
20070402,1790.25,1797.00,1777.50,1790.00,2718
20070403,1791.00,1819.50,1791.00,1814.75,5827
20070404,1814.00,1821.50,1810.50,1819.25,2123
20070405,1818.25,1831.50,1814.00,1828.25,2473
20070409,1835.75,1838.50,1820.00,1824.00,2558
20070410,1824.25,1833.50,1822.00,1829.50,2920
20070411,1831.50,1833.50,1807.00,1812.75,6250
20070412,1812.25,1830.00,1802.00,1827.75,5471
20070413,1826.00,1833.50,1815.00,1831.75,2728
20070416,1832.00,1850.25,1832.00,1848.25,3535
20070417,1847.50,1854.50,1842.50,1852.25,3068
20070418,1852.75,1853.50,1836.50,1848.25,4088
20070419,1847.75,1854.00,1832.00,1849.00,3962
20070420,1847.50,1870.00,1847.50,1862.50,3888
20070423,1862.00,1867.50,1857.00,1863.00,3560
20070424,1865.75,1877.00,1855.50,1870.25,2771
20070425,1870.00,1897.00,1869.50,1894.00,5070
20070426,1896.00,1910.00,1896.00,1906.00,3347
20070427,1904.50,1907.00,1894.00,1906.75,2965
20070430,1903.50,1907.00,1878.00,1879.25,4210
20070501,1882.00,1888.00,1868.00,1885.75,4618
20070502,1884.75,1905.50,1883.50,1898.75,4211
20070503,1899.00,1910.00,1897.00,1906.50,2941
20070504,1905.75,1921.00,1897.00,1908.50,3254
20070507,1907.50,1912.00,1903.00,1906.75,2005
20070508,1905.50,1911.50,1892.00,1905.50,4020
20070509,1905.50,1918.50,1897.00,1912.25,3197
20070510,1911.25,1911.25,1882.00,1886.50,7346
20070511,1886.00,1912.00,1882.25,1910.50,4362
20070514,1911.00,1922.50,1886.00,1896.25,3843
20070515,1894.25,1908.00,1877.50,1883.50,4873
20070516,1883.25,1902.00,1873.50,1901.25,3703
20070517,1900.25,1900.25,1888.50,1890.25,3239
20070518,1891.25,1906.50,1889.25,1905.75,2912
20070521,1906.25,1927.00,1904.00,1916.25,6503
20070522,1915.00,1929.00,1912.00,1920.25,2646
20070523,1920.25,1932.00,1908.00,1910.25,6288
20070524,1909.00,1917.25,1874.00,1882.00,8551
20070525,1880.75,1898.00,1880.50,1893.00,4774
20070529,1893.75,1910.00,1891.00,1906.50,4590
20070530,1906.00,1924.50,1887.50,1922.50,4695
20070531,1922.50,1936.00,1922.50,1932.25,5289
20070601,1934.00,1945.00,1928.00,1932.25,5320
20070604,1932.25,1940.00,1922.50,1936.75,5655
20070605,1936.00,1937.50,1918.00,1936.00,9362
20070606,1936.00,1938.25,1911.00,1914.00,12498
20070607,1914.25,1923.25,1882.50,1882.50,38369
20070608,1910.00,1935.00,1900.00,1934.00,21326
20070611,1934.00,1945.00,1927.00,1930.50,22402
20070612,1930.00,1938.00,1913.00,1918.00,16112
20070613,1918.00,1940.00,1913.25,1937.25,24862
20070614,1937.25,1956.00,1936.75,1951.25,17375
20070615,1950.25,1973.00,1950.00,1969.75,6005
20070618,1969.25,1974.50,1964.00,1967.50,2938
20070619,1968.50,1972.00,1957.00,1967.00,4219
20070620,1966.50,1974.50,1945.00,1947.75,4136
20070621,1948.50,1968.00,1938.25,1965.75,6056
20070622,1965.25,1966.50,1940.00,1948.00,3615
20070625,1948.00,1958.50,1927.00,1941.00,5012
20070626,1942.00,1948.50,1923.00,1925.50,3781
20070627,1926.50,1957.00,1918.75,1955.50,5381
20070628,1953.75,1968.00,1951.00,1955.25,5383
20070629,1954.75,1969.00,1941.00,1956.00,3866
20070702,1955.00,1976.00,1955.00,1972.00,3140
20070703,1972.25,1986.00,1972.25,1985.00,2014
20070705,1982.00,2004.00,1979.00,1998.00,4243
20070706,1998.00,2010.00,1992.00,2009.00,3309
20070709,2008.50,2014.75,2001.00,2008.50,3336
20070710,2009.50,2010.50,1989.00,1992.00,4163
20070711,1992.75,2010.00,1983.00,2009.50,4088
20070712,2009.75,2039.50,2006.75,2034.75,4771
20070713,2034.00,2052.00,2034.00,2046.75,2674
20070716,2047.25,2056.00,2041.75,2048.50,2487
20070717,2048.50,2064.50,2042.75,2060.75,3056
20070718,2049.25,2060.00,2036.00,2059.75,5074
20070719,2060.00,2078.00,2053.75,2065.50,2865
20070720,2061.50,2065.50,2040.50,2055.25,4220
20070723,2053.50,2063.00,2047.00,2053.50,6253
20070724,2050.00,2054.00,2010.00,2025.50,8591
20070725,2025.00,2035.25,2010.00,2026.50,5512
20070726,2030.00,2039.25,1969.00,2000.50,7535
20070727,2001.00,2013.00,1962.00,1963.50,5205
20070730,1964.25,1996.00,1959.00,1993.25,6377
20070731,1993.00,2011.25,1942.50,1945.75,6051
20070801,1949.00,1962.00,1923.00,1960.50,7818
20070802,1962.00,1982.00,1952.25,1980.00,4372
20070803,1979.50,1980.75,1930.00,1939.50,3016
20070806,1933.50,1965.00,1924.00,1962.50,4538
20070807,1964.75,1990.00,1943.00,1974.00,4579
20070808,1973.25,2007.00,1973.25,1999.25,4179
20070809,1998.75,2003.00,1942.00,1945.50,9439
20070810,1947.00,1956.00,1906.00,1929.00,6392
20070813,1934.00,1957.00,1934.00,1942.50,4233
20070814,1943.00,1951.00,1910.00,1914.75,4557
20070815,1915.00,1923.00,1873.00,1878.50,5457
20070816,1879.25,1879.25,1813.00,1856.50,11196
20070817,1860.75,1906.50,1831.75,1892.25,10606
20070820,1891.00,1908.00,1881.50,1897.75,7470
20070821,1894.25,1923.50,1889.50,1919.75,3636
20070822,1920.00,1947.00,1917.50,1945.00,3845
20070823,1945.75,1959.75,1927.00,1939.50,3974
20070824,1939.00,1970.00,1930.00,1969.50,3711
20070827,1969.50,1969.50,1948.00,1950.50,2084
20070828,1950.50,1951.50,1905.00,1907.75,4402
20070829,1909.75,1962.00,1906.75,1961.00,5696
20070830,1961.00,1988.00,1946.00,1974.75,5369
20070831,1973.50,2001.00,1973.25,1994.75,4148
20070904,1995.00,2039.00,1986.50,2024.75,5840
20070905,2023.00,2024.50,1991.00,2003.25,4541
20070906,1999.75,2011.00,1988.00,2003.75,2358
20070907,2003.50,2003.50,1953.00,1970.50,4158
20070910,1967.00,1986.50,1947.00,1968.25,4611
20070911,1967.25,1995.00,1967.25,1993.50,3919
20070912,1993.00,2010.00,1984.25,1996.25,13140
20070913,1996.50,2008.00,1992.00,2000.75,22561
20070914,1986.50,2005.00,1983.50,2001.25,9718
20070917,2020.25,2022.00,1999.50,2006.00,17421
20070918,2005.25,2061.00,2001.00,2059.25,23153
20070919,2059.00,2081.00,2055.00,2064.00,17514
20070920,2062.25,2068.00,2052.50,2057.75,27655
20070921,2058.50,2078.00,2055.00,2068.50,1415
